kickoff,home_team,away_team,n_bookmakers,book_home_%,book_draw_%,book_away_%,poly_home_%,poly_draw_%,poly_away_%,poly_moneyline_source,consensus_home_%,consensus_draw_%,consensus_away_%,consensus_sources,scoreline_source,score_1st,score_1st_%,score_2nd,score_2nd_%,score_3rd,score_3rd_%,score_4th,score_4th_%,score_5th,score_5th_%
2026-06-11 19:00 UTC,Mexico,South Africa,56,67.8,21.2,11.0,69.2,20.4,10.4,match,68.2,21.0,10.8,"bookmakers, polymarket_match",polymarket,1 - 0,17.9,2 - 0,16.4,2 - 1,11.1,1 - 1,10.1,0 - 0,8.7
2026-06-12 02:00 UTC,South Korea,Czech Republic,53,36.1,30.4,33.5,35.3,31.3,33.3,match,35.9,30.7,33.5,"bookmakers, polymarket_match",polymarket,1 - 1,15.9,1 - 0,12.8,0 - 1,11.8,0 - 0,10.4,2 - 1,9.7
2026-06-12 19:00 UTC,Canada,Bosnia & Herzegovina,53,52.9,26.3,20.8,53.2,26.4,20.4,match,53.0,26.3,20.7,"bookmakers, polymarket_match",polymarket,1 - 0,14.9,2 - 0,12.1,1 - 1,11.6,2 - 1,11.0,0 - 1,10.5
2026-06-13 01:00 UTC,USA,Paraguay,53,48.2,27.9,23.9,48.8,28.1,23.2,match,48.3,28.0,23.7,"bookmakers, polymarket_match",polymarket,1 - 0,14.0,1 - 1,12.0,0 - 0,10.6,2 - 0,10.6,2 - 1,10.6
2026-06-13 19:00 UTC,Qatar,Switzerland,53,7.2,15.0,77.8,6.4,13.6,80.0,match,7.0,14.6,78.5,"bookmakers, polymarket_match",polymarket,0 - 2,18.3,0 - 3,14.6,0 - 1,13.6,1 - 2,9.9,0 - 0,6.1
2026-06-13 22:00 UTC,Brazil,Morocco,53,57.5,24.9,17.5,58.2,24.4,17.4,match,57.7,24.8,17.5,"bookmakers, polymarket_match",polymarket,1 - 0,13.7,2 - 0,13.7,1 - 1,12.7,2 - 1,9.9,0 - 0,9.0
2026-06-14 01:00 UTC,Haiti,Scotland,53,15.2,22.0,62.9,14.6,22.6,62.8,match,15.0,22.2,62.9,"bookmakers, polymarket_match",polymarket,0 - 2,13.5,0 - 1,12.5,1 - 2,11.5,1 - 1,10.0,0 - 3,8.5
2026-06-14 04:00 UTC,Australia,Turkey,53,18.8,25.7,55.6,,,,winner_fallback,15.7,25.7,58.6,"bookmakers, polymarket_winner",poisson,0 - 1,17.2,0 - 2,13.3,1 - 1,11.2,0 - 0,11.1,1 - 2,8.7
2026-06-14 17:00 UTC,Germany,Curaçao,48,92.1,5.6,2.3,93.6,4.2,2.2,match,92.6,5.2,2.3,"bookmakers, polymarket_match",polymarket,3 - 0,22.4,2 - 0,15.4,1 - 0,9.1,2 - 1,6.3,3 - 1,5.0
2026-06-14 20:00 UTC,Netherlands,Japan,52,47.0,26.9,26.1,46.7,26.6,26.6,match,46.9,26.8,26.3,"bookmakers, polymarket_match",polymarket,1 - 0,11.8,1 - 1,11.8,2 - 1,11.3,2 - 0,10.8,0 - 0,8.4
2026-06-14 23:00 UTC,Ivory Coast,Ecuador,53,26.8,33.5,39.7,26.6,33.7,39.7,match,26.8,33.5,39.7,"bookmakers, polymarket_match",polymarket,1 - 1,11.9,0 - 1,11.5,0 - 0,11.5,1 - 0,9.4,0 - 2,8.2
2026-06-15 02:00 UTC,Sweden,Tunisia,53,49.3,28.1,22.5,50.2,28.4,21.4,match,49.6,28.2,22.2,"bookmakers, polymarket_match",polymarket,1 - 0,15.2,1 - 1,11.5,2 - 0,10.6,2 - 1,9.7,0 - 1,8.8
2026-06-15 16:00 UTC,Spain,Cape Verde,53,87.5,8.7,3.8,90.5,6.6,2.9,match,88.4,8.0,3.5,"bookmakers, polymarket_match",polymarket,2 - 0,15.5,3 - 0,14.4,1 - 0,11.2,3 - 1,10.1,2 - 1,8.0
2026-06-15 19:00 UTC,Belgium,Egypt,53,57.3,24.7,18.0,58.2,24.4,17.4,match,57.6,24.6,17.9,"bookmakers, polymarket_match",polymarket,1 - 0,12.3,2 - 0,11.0,1 - 1,9.6,2 - 1,9.6,0 - 1,7.3
2026-06-15 22:00 UTC,Saudi Arabia,Uruguay,53,12.3,21.5,66.2,11.3,21.2,67.5,match,12.0,21.4,66.6,"bookmakers, polymarket_match",polymarket,0 - 1,14.3,0 - 2,13.7,1 - 2,9.7,1 - 1,8.0,0 - 3,7.4
2026-06-16 01:00 UTC,Iran,New Zealand,51,50.4,27.8,21.8,51.2,28.4,20.4,match,50.6,28.0,21.4,"bookmakers, polymarket_match",polymarket,1 - 0,12.4,1 - 1,10.6,2 - 0,9.8,0 - 0,8.9,2 - 1,8.9
2026-06-16 19:00 UTC,France,Senegal,52,65.0,21.7,13.3,66.2,21.4,12.4,match,65.3,21.6,13.1,"bookmakers, polymarket_match",polymarket,1 - 0,12.2,2 - 0,11.7,1 - 1,9.0,2 - 1,9.0,3 - 0,7.2
2026-06-16 22:00 UTC,Iraq,Norway,52,7.1,14.1,78.8,6.5,13.4,80.1,match,6.9,13.9,79.2,"bookmakers, polymarket_match",polymarket,2 - 3,14.8,1 - 3,14.5,2 - 0,14.5,0 - 0,14.3,2 - 1,14.3
2026-06-17 01:00 UTC,Argentina,Algeria,52,68.1,20.8,11.0,69.2,20.4,10.4,match,68.4,20.7,10.8,"bookmakers, polymarket_match",polymarket,2 - 0,15.1,1 - 0,14.1,2 - 1,10.1,0 - 0,7.6,1 - 1,7.6
2026-06-17 04:00 UTC,Austria,Jordan,52,72.2,17.6,10.3,73.9,16.6,9.5,match,72.7,17.3,10.0,"bookmakers, polymarket_match",polymarket,2 - 0,12.1,1 - 0,9.9,2 - 1,9.4,0 - 0,6.7,1 - 1,6.7
2026-06-17 17:00 UTC,Portugal,DR Congo,50,74.6,16.8,8.6,76.1,16.4,7.5,match,75.0,16.7,8.3,"bookmakers, polymarket_match",polymarket,0 - 0,20.6,2 - 0,20.6,0 - 2,19.7,1 - 0,5.9,2 - 1,4.5
2026-06-17 20:00 UTC,England,Croatia,51,54.9,25.4,19.7,56.2,25.4,18.4,match,55.3,25.4,19.3,"bookmakers, polymarket_match",polymarket,0 - 0,10.1,3 - 1,10.1,3 - 2,10.1,3 - 0,10.1,1 - 0,9.7
2026-06-17 23:00 UTC,Ghana,Panama,50,46.2,27.6,26.2,46.3,27.4,26.4,match,46.2,27.5,26.2,"bookmakers, polymarket_match",polymarket,2 - 1,9.1,1 - 0,8.2,1 - 1,8.2,0 - 0,6.8,3 - 1,6.8
2026-06-18 02:00 UTC,Uzbekistan,Colombia,50,11.7,20.8,67.5,10.4,20.4,69.2,match,11.3,20.7,68.0,"bookmakers, polymarket_match",polymarket,0 - 1,10.8,0 - 2,8.4,3 - 1,6.4,3 - 2,6.4,3 - 0,6.4
2026-06-18 16:00 UTC,Czech Republic,South Africa,48,48.1,28.6,23.3,49.3,28.4,22.4,match,48.5,28.5,23.0,"bookmakers, polymarket_match",polymarket,1 - 0,11.5,2 - 0,9.4,2 - 1,8.5,1 - 1,7.7,0 - 1,7.2
2026-06-18 19:00 UTC,Switzerland,Bosnia & Herzegovina,48,58.7,24.2,17.1,60.2,23.4,16.4,match,59.1,24.0,16.9,"bookmakers, polymarket_match",polymarket,3 - 0,14.1,3 - 1,13.9,3 - 2,13.9,0 - 0,13.8,1 - 0,13.8
2026-06-18 22:00 UTC,Canada,Qatar,48,71.9,18.8,9.2,74.4,17.2,8.4,match,72.7,18.4,9.0,"bookmakers, polymarket_match",polymarket,2 - 0,14.2,1 - 0,13.0,2 - 1,8.0,0 - 0,6.3,1 - 1,6.3
2026-06-19 01:00 UTC,Mexico,South Korea,48,52.2,27.2,20.6,69.2,20.4,10.4,match,57.3,25.1,17.6,"bookmakers, polymarket_match",polymarket,1 - 0,17.9,2 - 0,16.4,2 - 1,11.1,1 - 1,10.1,0 - 0,8.7
2026-06-19 19:00 UTC,USA,Australia,47,54.1,25.3,20.7,55.0,24.3,20.8,match,54.3,25.0,20.7,"bookmakers, polymarket_match",polymarket,2 - 1,8.7,1 - 2,8.7,1 - 0,8.2,1 - 1,7.8,0 - 0,6.9
2026-06-19 22:00 UTC,Scotland,Morocco,48,23.5,28.9,47.6,22.4,28.4,49.3,match,23.2,28.7,48.1,"bookmakers, polymarket_match",polymarket,0 - 0,16.4,2 - 3,15.8,0 - 3,15.8,1 - 3,15.8,0 - 1,5.0
2026-06-20 01:00 UTC,Brazil,Haiti,45,88.4,8.2,3.4,89.7,6.8,3.5,match,88.8,7.8,3.4,"bookmakers, polymarket_match",polymarket,2 - 0,12.3,3 - 0,8.2,1 - 0,7.3,0 - 1,6.8,0 - 2,6.8
2026-06-20 03:00 UTC,Turkey,Paraguay,47,42.5,29.7,27.8,,,,winner_fallback,47.1,29.7,23.2,"bookmakers, polymarket_winner",poisson,1 - 0,17.1,0 - 0,14.2,1 - 1,12.8,0 - 1,10.7,2 - 0,10.2
2026-06-20 17:00 UTC,Netherlands,Sweden,47,57.6,24.0,18.4,59.2,23.4,17.4,match,58.1,23.8,18.1,"bookmakers, polymarket_match",polymarket,0 - 0,16.2,3 - 0,16.1,3 - 1,16.1,3 - 2,16.1,1 - 0,6.7
2026-06-20 20:00 UTC,Germany,Ivory Coast,47,60.9,22.5,16.6,62.2,20.4,17.4,match,61.3,21.8,16.9,"bookmakers, polymarket_match",polymarket,2 - 0,10.0,1 - 0,9.2,0 - 2,6.6,1 - 2,6.6,3 - 0,6.6
2026-06-21 00:00 UTC,Ecuador,Curaçao,48,78.7,14.5,6.8,80.7,12.5,6.7,match,79.3,13.9,6.7,"bookmakers, polymarket_match",polymarket,0 - 2,14.4,0 - 0,14.2,3 - 2,13.9,3 - 1,13.6,1 - 2,13.6
2026-06-21 04:00 UTC,Tunisia,Japan,47,19.4,27.0,53.5,17.4,26.4,56.2,match,18.8,26.8,54.3,"bookmakers, polymarket_match",polymarket,0 - 1,12.1,0 - 2,9.3,1 - 2,8.9,1 - 0,6.9,1 - 1,6.9
2026-06-21 16:00 UTC,Spain,Saudi Arabia,47,85.5,10.3,4.2,87.9,8.5,3.6,match,86.2,9.8,4.0,"bookmakers, polymarket_match",polymarket,2 - 0,12.7,1 - 0,9.7,3 - 0,8.4,0 - 1,6.3,0 - 2,6.3
2026-06-21 19:00 UTC,Belgium,Iran,47,67.3,20.5,12.1,69.8,19.6,10.6,match,68.1,20.2,11.7,"bookmakers, polymarket_match",polymarket,0 - 2,12.5,3 - 2,12.4,3 - 0,12.0,0 - 1,11.8,3 - 1,11.8
2026-06-21 22:00 UTC,Uruguay,Cape Verde,47,65.8,21.3,12.8,68.5,20.2,11.3,match,66.6,21.0,12.4,"bookmakers, polymarket_match",polymarket,3 - 1,12.3,3 - 0,11.9,0 - 1,11.6,0 - 2,11.6,0 - 0,11.5
2026-06-22 01:00 UTC,New Zealand,Egypt,48,19.4,26.0,54.5,19.4,25.4,55.2,match,19.4,25.8,54.7,"bookmakers, polymarket_match",polymarket,0 - 1,11.8,0 - 2,10.2,1 - 2,9.0,1 - 0,6.9,1 - 1,6.9
2026-06-22 17:00 UTC,Argentina,Austria,47,57.4,24.9,17.7,60.0,23.5,16.5,match,58.2,24.4,17.4,"bookmakers, polymarket_match",polymarket,1 - 0,11.5,2 - 0,9.8,2 - 1,9.4,1 - 1,6.6,0 - 0,6.1
2026-06-22 21:00 UTC,France,Iraq,47,84.2,11.4,4.4,86.7,9.5,3.8,match,85.0,10.8,4.2,"bookmakers, polymarket_match",polymarket,3 - 2,10.2,0 - 1,10.2,0 - 2,10.2,2 - 0,10.2,1 - 2,10.2
2026-06-23 00:00 UTC,Norway,Senegal,47,44.9,27.3,27.7,44.7,26.6,28.6,match,44.9,27.1,28.0,"bookmakers, polymarket_match",polymarket,1 - 0,9.2,2 - 1,8.3,2 - 0,7.9,1 - 1,7.5,0 - 1,7.1
2026-06-23 03:00 UTC,Jordan,Algeria,47,15.5,23.2,61.3,13.6,20.6,65.8,match,14.9,22.4,62.7,"bookmakers, polymarket_match",polymarket,0 - 2,9.7,0 - 1,8.8,1 - 1,7.0,0 - 0,6.6,1 - 0,6.6
2026-06-23 17:00 UTC,Portugal,Uzbekistan,47,75.3,16.0,8.7,78.1,14.4,7.5,match,76.1,15.5,8.4,"bookmakers, polymarket_match",polymarket,3 - 0,12.0,0 - 2,11.7,3 - 1,11.7,3 - 2,11.7,0 - 0,11.6
2026-06-23 20:00 UTC,England,Ghana,47,71.7,18.1,10.2,73.1,16.4,10.4,match,72.1,17.6,10.3,"bookmakers, polymarket_match",polymarket,2 - 0,12.0,1 - 0,9.0,2 - 1,8.2,0 - 0,6.4,0 - 2,6.4
2026-06-23 23:00 UTC,Panama,Croatia,47,13.6,23.2,63.3,13.4,23.4,63.2,match,13.5,23.2,63.3,"bookmakers, polymarket_match",polymarket,2 - 3,14.7,1 - 3,14.4,0 - 0,14.1,2 - 0,13.9,0 - 3,13.8
2026-06-24 02:00 UTC,Colombia,DR Congo,47,64.0,23.1,12.9,66.2,22.4,11.4,match,64.6,22.9,12.5,"bookmakers, polymarket_match",polymarket,3 - 1,14.5,0 - 2,13.9,3 - 0,13.9,0 - 0,13.7,3 - 2,13.7
2026-06-24 19:00 UTC,Bosnia & Herzegovina,Qatar,46,60.6,23.9,15.5,61.5,23.5,15.0,match,60.9,23.8,15.3,"bookmakers, polymarket_match",polymarket,1 - 0,11.7,2 - 0,11.7,2 - 1,8.4,0 - 1,6.7,1 - 1,6.7
2026-06-24 19:00 UTC,Switzerland,Canada,47,45.1,28.5,26.4,43.8,29.1,27.1,match,44.7,28.6,26.6,"bookmakers, polymarket_match",polymarket,1 - 2,11.0,3 - 1,11.0,0 - 0,10.9,2 - 0,10.9,3 - 0,10.9
2026-06-24 22:00 UTC,Scotland,Brazil,41,14.4,20.7,64.9,13.9,20.3,65.8,match,14.2,20.6,65.2,"bookmakers, polymarket_match",polymarket,0 - 2,11.0,1 - 2,8.2,0 - 1,7.8,0 - 0,6.8,1 - 1,6.8
2026-06-24 22:00 UTC,Morocco,Haiti,41,71.0,18.8,10.1,73.4,17.2,9.4,match,71.7,18.4,9.9,"bookmakers, polymarket_match",polymarket,0 - 0,13.0,1 - 0,12.9,0 - 2,12.9,3 - 0,12.9,3 - 1,12.9
2026-06-25 01:00 UTC,Czech Republic,Mexico,41,22.1,27.2,50.8,21.0,26.8,52.2,match,21.7,27.1,51.2,"bookmakers, polymarket_match",polymarket,0 - 1,10.4,0 - 2,9.1,1 - 2,8.3,1 - 1,7.5,1 - 0,7.1
2026-06-25 01:00 UTC,South Africa,South Korea,41,25.0,28.2,46.8,31.5,36.9,31.5,match,27.0,30.8,42.2,"bookmakers, polymarket_match",polymarket,1 - 3,16.8,2 - 3,16.5,0 - 0,16.3,0 - 3,15.6,0 - 1,4.7
2026-06-25 20:00 UTC,Ecuador,Germany,39,20.3,24.8,54.9,19.2,24.1,56.7,match,20.0,24.6,55.4,"bookmakers, polymarket_match",polymarket,0 - 1,9.8,1 - 2,9.0,1 - 0,6.8,1 - 1,6.8,0 - 0,6.4
2026-06-25 20:00 UTC,Curaçao,Ivory Coast,38,7.5,15.9,76.6,7.5,14.4,78.1,match,7.5,15.5,77.1,"bookmakers, polymarket_match",polymarket,2 - 0,14.3,2 - 3,14.1,0 - 3,14.1,1 - 3,13.9,0 - 0,13.6
2026-06-25 23:00 UTC,Japan,Sweden,38,45.6,27.8,26.6,45.8,28.1,26.1,match,45.6,27.9,26.5,"bookmakers, polymarket_match",polymarket,2 - 1,8.7,1 - 1,7.9,1 - 2,7.4,1 - 0,7.0,0 - 1,6.6
2026-06-25 23:00 UTC,Tunisia,Netherlands,38,14.9,22.5,62.6,13.2,22.0,64.9,match,14.4,22.4,63.3,"bookmakers, polymarket_match",polymarket,2 - 0,14.2,2 - 3,14.2,0 - 0,13.9,0 - 3,13.9,1 - 3,13.9
2026-06-26 02:00 UTC,Turkey,USA,38,35.2,27.5,37.3,,,,winner_fallback,35.5,27.5,37.0,"bookmakers, polymarket_winner",poisson,1 - 1,13.0,0 - 1,10.8,1 - 0,10.4,0 - 0,8.6,1 - 2,8.1
2026-06-26 02:00 UTC,Paraguay,Australia,38,43.6,29.3,27.2,43.8,30.0,26.1,match,43.6,29.5,26.8,"bookmakers, polymarket_match",polymarket,1 - 0,10.6,0 - 1,8.2,2 - 0,8.2,1 - 1,7.8,2 - 1,7.8
2026-06-26 19:00 UTC,Norway,France,40,21.9,26.2,51.9,21.6,26.0,52.5,match,21.8,26.2,52.1,"bookmakers, polymarket_match",polymarket,0 - 1,10.5,1 - 2,8.8,0 - 2,7.5,1 - 0,7.1,1 - 1,7.1
2026-06-26 19:00 UTC,Senegal,Iraq,40,65.8,21.4,12.9,68.2,20.4,11.4,match,66.5,21.1,12.4,"bookmakers, polymarket_match",polymarket,0 - 0,12.8,1 - 2,12.8,3 - 0,12.8,3 - 1,12.6,3 - 2,12.6
2026-06-27 00:00 UTC,Cape Verde,Saudi Arabia,40,36.3,28.4,35.3,36.9,28.1,35.0,match,36.5,28.3,35.2,"bookmakers, polymarket_match",polymarket,3 - 0,23.0,0 - 0,22.7,1 - 1,6.5,1 - 0,5.5,0 - 1,5.2
2026-06-27 00:00 UTC,Uruguay,Spain,40,18.2,24.2,57.7,17.2,24.1,58.6,match,17.9,24.1,57.9,"bookmakers, polymarket_match",polymarket,0 - 3,16.2,1 - 3,16.1,2 - 3,16.1,0 - 0,15.9,0 - 1,5.3
2026-06-27 03:00 UTC,Egypt,Iran,40,40.9,31.1,28.1,43.4,30.7,25.9,match,41.6,31.0,27.4,"bookmakers, polymarket_match",polymarket,3 - 0,19.0,0 - 0,18.6,3 - 1,18.6,1 - 1,5.6,1 - 0,5.4
2026-06-27 03:00 UTC,New Zealand,Belgium,40,10.0,16.9,73.2,8.5,15.6,75.9,match,9.5,16.5,74.0,"bookmakers, polymarket_match",polymarket,0 - 2,12.8,0 - 1,10.7,1 - 2,8.3,0 - 0,6.2,1 - 1,6.2
2026-06-27 21:00 UTC,Panama,England,38,10.3,16.9,72.8,9.5,15.4,75.1,match,10.1,16.4,73.5,"bookmakers, polymarket_match",polymarket,0 - 2,11.5,0 - 1,9.4,1 - 2,8.5,0 - 0,6.4,1 - 1,6.4
2026-06-27 21:00 UTC,Croatia,Ghana,38,56.9,25.3,17.8,58.6,25.1,16.3,match,57.4,25.3,17.3,"bookmakers, polymarket_match",polymarket,3 - 2,16.8,0 - 0,16.6,3 - 1,16.5,3 - 0,15.9,1 - 1,4.9
2026-06-27 23:30 UTC,DR Congo,Uzbekistan,39,40.5,29.3,30.3,41.7,27.9,30.4,match,40.8,28.9,30.3,"bookmakers, polymarket_match",polymarket,3 - 1,10.7,3 - 0,10.5,0 - 0,10.5,0 - 2,10.2,0 - 1,10.1
2026-06-27 23:30 UTC,Colombia,Portugal,39,27.2,28.6,44.2,27.1,28.1,44.8,match,27.2,28.4,44.4,"bookmakers, polymarket_match",polymarket,1 - 3,12.2,0 - 3,12.1,0 - 2,12.1,0 - 0,11.8,1 - 0,11.8
2026-06-28 02:00 UTC,Algeria,Austria,38,27.5,29.3,43.2,26.1,30.0,43.8,match,27.1,29.5,43.4,"bookmakers, polymarket_match",polymarket,0 - 1,9.3,1 - 1,8.1,1 - 2,8.1,1 - 0,7.7,0 - 2,7.7
2026-06-28 02:00 UTC,Jordan,Argentina,38,7.2,14.6,78.2,6.5,12.3,81.2,match,7.0,13.9,79.1,"bookmakers, polymarket_match",polymarket,0 - 2,12.7,1 - 2,8.4,0 - 3,7.2,0 - 1,6.8,2 - 0,6.3
